CREATE DATABASE CONDOMINIOS
GO

USE CONDOMINIOS
GO

CREATE TABLE SOCIOS (
	cSocio CHAR(10) PRIMARY KEY,
	nombreSocio VARCHAR(20),
	apellidoSocio VARCHAR(20),
	telefSocio CHAR(10)
)

CREATE TABLE MANZANA (
	codigoMz CHAR(3) PRIMARY KEY,
	calleSur VARCHAR(50),
	calleOeste VARCHAR(50),
	calleNorte VARCHAR(50),
	calleEste VARCHAR(50)
)

CREATE TABLE LOTES (
	codigoLote CHAR(3) PRIMARY KEY,
	cSocio CHAR(10),
	codigoMz CHAR(3),
	dimensionFondo FLOAT,
	dimensionFrente FLOAT,
	FOREIGN KEY(cSocio) REFERENCES SOCIOS (cSocio),
	FOREIGN KEY(codigoMz) REFERENCES MANZANA (codigoMz)
)

CREATE TABLE RUBROS (
	codigoRubro CHAR(3) PRIMARY KEY,
	valorRubro MONEY,
	descripcionRubro VARCHAR(70)
)

CREATE TABLE PAGOS (
	codigoPago CHAR(3) PRIMARY KEY,
	codigoRubro CHAR(3),
	codigoLote CHAR(3),
	valorPago MONEY,
	fechaPago DATE,
	FOREIGN KEY(codigoRubro) REFERENCES RUBROS (codigoRubro),
	FOREIGN KEY(codigoLote) REFERENCES LOTES (codigoLote)
)

SELECT * FROM SOCIOS

INSERT INTO SOCIOS VALUES('1003965884', 'Alma', 'Zuria', '0985236541')
INSERT INTO SOCIOS VALUES('1001548962', 'Bryan', 'Quinque', '0985236541')
INSERT INTO SOCIOS VALUES('1002458723', 'Jonathan', 'Kenai', '0985236541')
INSERT INTO SOCIOS VALUES('0254896321', 'Fernanda', 'Miguel', '0985236541')
INSERT INTO SOCIOS VALUES('0325896321', 'Pedro', 'Omar', '0985236541')

SELECT * FROM MANZANA

INSERT INTO MANZANA VALUES('M01', ' Surmaria', 'Oeste Mendez', 'Nortesito', 'Esteban')
INSERT INTO MANZANA VALUES('M02', 'Isla San Cristobal', 'Quito', 'Isla Santa Maria', 'Ambato')

SELECT * FROM LOTES

INSERT INTO LOTES VALUES('L01', '1003965884', 'M01', 300, 200)
INSERT INTO LOTES VALUES('L02', '1001548962', 'M01', 250, 100)
INSERT INTO LOTES VALUES('L03', '1002458723', 'M01', 350, 150)
INSERT INTO LOTES VALUES('L04', '1003965884', 'M02', 200, 200)
INSERT INTO LOTES VALUES('L05', '0254896321', 'M02', 250, 100)
INSERT INTO LOTES VALUES('L06', '0325896321', 'M02', 350, 150)

SELECT * FROM RUBROS

INSERT INTO RUBROS VALUES('R01', 'Compra de Terreno', 5000.00)
INSERT INTO RUBROS VALUES('R02', 'Levantamiento topográfico', 200.00)
INSERT INTO RUBROS VALUES('R03', 'Apertura de calles', 500.00)
INSERT INTO RUBROS VALUES('R04', 'Alcanrillado', 300.00)
INSERT INTO RUBROS VALUES('R05', 'Agua portable', 200.00)

SELECT * FROM PAGOS

INSERT INTO PAGOS VALUES('P01', 'R01', 'L01', 5000.0, '13-01-17')
INSERT INTO PAGOS VALUES('P02', 'R02', 'L01', 200.0, '15-01-17')
INSERT INTO PAGOS VALUES('P03', 'R03', 'L01', 500.0, '15-01-17')
INSERT INTO PAGOS VALUES('P04', 'R04', 'L01', 300.0, '16-01-17')
INSERT INTO PAGOS VALUES('P05', 'R05', 'L01', 200.0, '18-01-17')
INSERT INTO PAGOS VALUES('P06', 'R01', 'L02', 5000.0, '14-01-17')
INSERT INTO PAGOS VALUES('P07', 'R02', 'L02', 200.0, '16-01-17')
INSERT INTO PAGOS VALUES('P09', 'R04', 'L02', 300.0, '18-01-17')
INSERT INTO PAGOS VALUES('P10', 'R05', 'L02', 200.0, '20-01-17')
INSERT INTO PAGOS VALUES('P11', 'R01', 'L03', 5000.0, '13-01-17')
INSERT INTO PAGOS VALUES('P12', 'R02', 'L03', 200.0, '15-01-17')
INSERT INTO PAGOS VALUES('P13', 'R04', 'L03', 300.0, '17-01-17')
INSERT INTO PAGOS VALUES('P14', 'R05', 'L03', 200.0, '19-01-17')
INSERT INTO PAGOS VALUES('P15', 'R01', 'L04', 5000.0, '20-01-17')
INSERT INTO PAGOS VALUES('P16', 'R02', 'L04', 200.0, '20-01-17')
INSERT INTO PAGOS VALUES('P17', 'R04', 'L04', 300.0, '22-01-17')
INSERT INTO PAGOS VALUES('P18', 'R05', 'L04', 200.0, '24-01-17')
INSERT INTO PAGOS VALUES('P19', 'R01', 'L05', 5000.0, '21-01-17')
INSERT INTO PAGOS VALUES('P20', 'R02', 'L05', 200.0, '23-01-17')
INSERT INTO PAGOS VALUES('P21', 'R04', 'L05', 300.0, '25-01-17')
INSERT INTO PAGOS VALUES('P22', 'R05', 'L05', 200.0, '27-01-17')
INSERT INTO PAGOS VALUES('P23', 'R01', 'L06', 5000.0, '14-01-17')
INSERT INTO PAGOS VALUES('P24', 'R02', 'L06', 200.0, '15-01-17')
INSERT INTO PAGOS VALUES('P25', 'R04', 'L06', 300.0, '18-01-17')
INSERT INTO PAGOS VALUES('P26', 'R05', 'L06', 200.0, '19-01-17')